,Country,LEABY_avg
0,Chile,78.94374999999998
1,China,74.26249999999999
2,Germany,79.65625
3,Mexico,75.71875
4,United States of America,78.0625
5,Zimbabwe,50.09375000000001
