,Country,leaby_2000,leaby_2015,growth_rate
0,Chile,77.3,80.5,0.041397153945666273
1,China,71.7,76.1,0.06136680613668049
2,Germany,78.0,81.0,0.038461538461538464
3,Mexico,74.8,76.7,0.025401069518716655
4,United States of America,76.8,79.3,0.032552083333333336
5,Zimbabwe,46.0,60.7,0.3195652173913044
